{
    "loss": 0.9522160291671753,
    "accuracy": 0.9482758641242981
}