{
    "loss": 1.490630030632019,
    "accuracy": 0.9396551847457886
}